{
  "HARIRI": {
    "A317": [
      40.3426486,
      -74.6546354
    ],
    "A318": [
      40.342666,
      -74.6545934
    ],
    "A320A": [
      40.3426938,
      -74.6545236
    ],
    "A320": [
      40.3427021,
      -74.6544909
    ],
    "A320B": [
      40.3427125,
      -74.65445
    ],
    "A316B": [
      40.3426055,
      -74.6546383
    ],
    "A316": [
      40.342618,
      -74.6545892
    ],
    "A316A": [
      40.342629,
      -74.6545456
    ],
    "A315": [
      40.3426477,
      -74.654472
    ],
    "A301A": [
      40.3427386,
      -74.6543203
    ],
    "A301": [
      40.3427483,
      -74.6542821
    ],
    "A301B": [
      40.3427586,
      -74.6542412
    ],
    "A303A": [
      40.3427711,
      -74.6541922
    ],
    "A303": [
      40.3427793,
      -74.6541595
    ],
    "A311A": [
      40.34272,
      -74.6542735
    ],
    "A311B": [
      40.3427317,
      -74.6542272
    ],
    "A304": [
      40.3427938,
      -74.6540957
    ],
    "A305": [
      40.3428028,
      -74.6540603
    ],
    "A306": [
      40.3428167,
      -74.6540254
    ],
    "A308": [
      40.3427743,
      -74.6540125
    ],
    "A401A": [
      40.3427532,
      -74.6542826
    ],
    "A402": [
      40.3427663,
      -74.6542309
    ],
    "A403A": [
      40.3427788,
      -74.6541818
    ],
    "A403": [
      40.342787,
      -74.6541491
    ],
    "A403B": [
      40.3427953,
      -74.6541164
    ],
    "A404": [
      40.3428043,
      -74.6540809
    ],
    "A405": [
      40.3428154,
      -74.6540373
    ],
    "A407": [
      40.3427797,
      -74.653971
    ],
    "A410A": [
      40.3427248,
      -74.6542544
    ],
    "A410": [
      40.3427352,
      -74.6542136
    ],
    "A412": [
      40.3426865,
      -74.654339
    ],
    "A416": [
      40.3426518,
      -74.6544426
    ],
    "A417": [
      40.342624,
      -74.654519
    ],
    "A418A": [
      40.342615,
      -74.6545544
    ],
    "A418": [
      40.3426265,
      -74.6546088
    ],
    "A418B": [
      40.342652,
      -74.6546283
    ],
    "A419": [
      40.3426652,
      -74.6545765
    ],
    "A421A": [
      40.342679,
      -74.654522
    ],
    "A421": [
      40.342688,
      -74.6544866
    ],
    "A421B": [
      40.342697,
      -74.6544511
    ],
    "A501": [
      40.3427532,
      -74.6542826
    ],
    "A502": [
      40.3427663,
      -74.6542309
    ],
    "A503A": [
      40.3427788,
      -74.6541818
    ],
    "A503": [
      40.342787,
      -74.6541491
    ],
    "A503B": [
      40.3427953,
      -74.6541164
    ],
    "A504": [
      40.3428043,
      -74.6540809
    ],
    "A505": [
      40.3428154,
      -74.6540373
    ],
    "A507": [
      40.3427797,
      -74.653971
    ],
    "A510A": [
      40.3427248,
      -74.6542544
    ],
    "A510B": [
      40.3427352,
      -74.6542136
    ],
    "A512": [
      40.3426865,
      -74.654339
    ],
    "A516": [
      40.3426518,
      -74.6544426
    ],
    "A517": [
      40.342624,
      -74.654519
    ],
    "A518A": [
      40.342615,
      -74.6545544
    ],
    "A518": [
      40.3426265,
      -74.6546088
    ],
    "A518B": [
      40.342652,
      -74.6546283
    ],
    "A519": [
      40.3426652,
      -74.6545765
    ],
    "A521A": [
      40.342679,
      -74.654522
    ],
    "A521": [
      40.342688,
      -74.6544866
    ],
    "A521B": [
      40.342697,
      -74.6544511
    ],
    "A601A": [
      40.3427428,
      -74.6543235
    ],
    "A601": [
      40.3427525,
      -74.6542854
    ],
    "A601B": [
      40.3427622,
      -74.6542472
    ],
    "A603A": [
      40.3427739,
      -74.6542009
    ],
    "A603": [
      40.3427836,
      -74.6541627
    ],
    "A604": [
      40.342794,
      -74.6541218
    ],
    "A605": [
      40.3428043,
      -74.6540809
    ],
    "A606": [
      40.3428168,
      -74.6540319
    ],
    "A608": [
      40.3427797,
      -74.653971
    ],
    "A613A": [
      40.3427248,
      -74.6542544
    ],
    "A613B": [
      40.3427352,
      -74.6542136
    ],
    "A614": [
      40.3426794,
      -74.6543336
    ],
    "A615": [
      40.3426725,
      -74.6543608
    ]
  },
  "MANNION": {
    "D103C": [
      40.3415646,
      -74.6542297
    ],
    "D103D": [
      40.3415634,
      -74.6541815
    ],
    "D104B": [
      40.3415624,
      -74.6541429
    ],
    "D104": [
      40.3415612,
      -74.6540947
    ],
    "D107": [
      40.3415785,
      -74.6539514
    ],
    "D103": [
      40.3415454,
      -74.6542248
    ],
    "D109": [
      40.3415631,
      -74.6538744
    ],
    "D110": [
      40.3415522,
      -74.6538221
    ],
    "D112A": [
      40.3415597,
      -74.6537394
    ],
    "D112": [
      40.3415586,
      -74.6536976
    ],
    "D112B": [
      40.3415574,
      -74.6536494
    ],
    "D113": [
      40.3415504,
      -74.6536027
    ],
    "D103B": [
      40.3414904,
      -74.6542481
    ],
    "D103A": [
      40.341489,
      -74.6541935
    ],
    "D102B": [
      40.341488,
      -74.6541517
    ],
    "D102": [
      40.3414865,
      -74.6540939
    ],
    "D125B": [
      40.3415201,
      -74.6539141
    ],
    "D125": [
      40.3415194,
      -74.6538852
    ],
    "D125A": [
      40.3415184,
      -74.6538467
    ],
    "D123": [
      40.3415119,
      -74.6537416
    ],
    "D122": [
      40.3415011,
      -74.6536957
    ],
    "D115": [
      40.3415088,
      -74.6535483
    ],
    "D115A": [
      40.3415053,
      -74.6534845
    ],
    "D118": [
      40.3414788,
      -74.653572
    ],
    "D117": [
      40.3414642,
      -74.6535271
    ]
  }
}