{
  "HARIRI": {
    "A317": [
      40.3426486,
      -74.6546354
    ],
    "A318": [
      40.342666,
      -74.6545934
    ],
    "A320A": [
      40.3426938,
      -74.6545236
    ],
    "A320": [
      40.3427021,
      -74.6544909
    ],
    "A320B": [
      40.3427125,
      -74.65445
    ],
    "A316B": [
      40.3426055,
      -74.6546383
    ],
    "A316": [
      40.342618,
      -74.6545892
    ],
    "A316A": [
      40.342629,
      -74.6545456
    ],
    "A315": [
      40.3426477,
      -74.654472
    ],
    "A301A": [
      40.3427386,
      -74.6543203
    ],
    "A301": [
      40.3427483,
      -74.6542821
    ],
    "A301B": [
      40.3427586,
      -74.6542412
    ],
    "A303A": [
      40.3427711,
      -74.6541922
    ],
    "A303": [
      40.3427793,
      -74.6541595
    ],
    "A311A": [
      40.34272,
      -74.6542735
    ],
    "A311B": [
      40.3427317,
      -74.6542272
    ],
    "A304": [
      40.3427938,
      -74.6540957
    ],
    "A305": [
      40.3428028,
      -74.6540603
    ],
    "A306": [
      40.3428167,
      -74.6540254
    ],
    "A308": [
      40.3427743,
      -74.6540125
    ],
    "A401A": [
      40.3427532,
      -74.6542826
    ],
    "A402": [
      40.3427663,
      -74.6542309
    ],
    "A403A": [
      40.3427788,
      -74.6541818
    ],
    "A403": [
      40.342787,
      -74.6541491
    ],
    "A403B": [
      40.3427953,
      -74.6541164
    ],
    "A404": [
      40.3428043,
      -74.6540809
    ],
    "A405": [
      40.3428154,
      -74.6540373
    ],
    "A407": [
      40.3427797,
      -74.653971
    ],
    "A410A": [
      40.3427248,
      -74.6542544
    ],
    "A410": [
      40.3427352,
      -74.6542136
    ],
    "A412": [
      40.3426865,
      -74.654339
    ],
    "A416": [
      40.3426518,
      -74.6544426
    ],
    "A417": [
      40.342624,
      -74.654519
    ],
    "A418A": [
      40.342615,
      -74.6545544
    ],
    "A418": [
      40.3426265,
      -74.6546088
    ],
    "A418B": [
      40.342652,
      -74.6546283
    ],
    "A419": [
      40.3426652,
      -74.6545765
    ],
    "A421A": [
      40.342679,
      -74.654522
    ],
    "A421": [
      40.342688,
      -74.6544866
    ],
    "A421B": [
      40.342697,
      -74.6544511
    ],
    "A501": [
      40.3427532,
      -74.6542826
    ],
    "A502": [
      40.3427663,
      -74.6542309
    ],
    "A503A": [
      40.3427788,
      -74.6541818
    ],
    "A503": [
      40.342787,
      -74.6541491
    ],
    "A503B": [
      40.3427953,
      -74.6541164
    ],
    "A504": [
      40.3428043,
      -74.6540809
    ],
    "A505": [
      40.3428154,
      -74.6540373
    ],
    "A507": [
      40.3427797,
      -74.653971
    ],
    "A510A": [
      40.3427248,
      -74.6542544
    ],
    "A510B": [
      40.3427352,
      -74.6542136
    ],
    "A512": [
      40.3426865,
      -74.654339
    ],
    "A516": [
      40.3426518,
      -74.6544426
    ],
    "A517": [
      40.342624,
      -74.654519
    ],
    "A518A": [
      40.342615,
      -74.6545544
    ],
    "A518": [
      40.3426265,
      -74.6546088
    ],
    "A518B": [
      40.342652,
      -74.6546283
    ],
    "A519": [
      40.3426652,
      -74.6545765
    ],
    "A521A": [
      40.342679,
      -74.654522
    ],
    "A521": [
      40.342688,
      -74.6544866
    ],
    "A521B": [
      40.342697,
      -74.6544511
    ],
    "A601A": [
      40.3427428,
      -74.6543235
    ],
    "A601": [
      40.3427525,
      -74.6542854
    ],
    "A601B": [
      40.3427622,
      -74.6542472
    ],
    "A603A": [
      40.3427739,
      -74.6542009
    ],
    "A603": [
      40.3427836,
      -74.6541627
    ],
    "A604": [
      40.342794,
      -74.6541218
    ],
    "A605": [
      40.3428043,
      -74.6540809
    ],
    "A606": [
      40.3428168,
      -74.6540319
    ],
    "A608": [
      40.3427797,
      -74.653971
    ],
    "A613A": [
      40.3427248,
      -74.6542544
    ],
    "A613B": [
      40.3427352,
      -74.6542136
    ],
    "A614": [
      40.3426794,
      -74.6543336
    ],
    "A615": [
      40.3426725,
      -74.6543608
    ]
  },
  "ADDY": {
    "A304": [
      40.3424115,
      -74.655164
    ],
    "A305": [
      40.3424298,
      -74.6551364
    ],
    "A306": [
      40.3424519,
      -74.6551187
    ],
    "A307": [
      40.3424936,
      -74.6550883
    ],
    "A308A": [
      40.3425464,
      -74.6550989
    ],
    "A308": [
      40.3425316,
      -74.6551157
    ],
    "A308B": [
      40.3425242,
      -74.6551313
    ],
    "A310": [
      40.3424811,
      -74.6551789
    ],
    "A312": [
      40.342472,
      -74.6552088
    ],
    "A314A": [
      40.3424444,
      -74.6552632
    ],
    "A314": [
      40.3424372,
      -74.6552819
    ],
    "A314B": [
      40.3424346,
      -74.6553017
    ],
    "A315": [
      40.3424388,
      -74.6553321
    ],
    "A404": [
      40.3424115,
      -74.655164
    ],
    "A405": [
      40.3424298,
      -74.6551364
    ],
    "A406": [
      40.3424519,
      -74.6551187
    ],
    "A407": [
      40.3424936,
      -74.6550883
    ],
    "A408A": [
      40.3425464,
      -74.6550989
    ],
    "A408": [
      40.3425316,
      -74.6551157
    ],
    "A408B": [
      40.3425242,
      -74.6551313
    ],
    "A410": [
      40.3424811,
      -74.6551789
    ],
    "A412": [
      40.342472,
      -74.6552088
    ],
    "A414A": [
      40.3424474,
      -74.655264
    ],
    "A414": [
      40.342442,
      -74.6552861
    ],
    "A414B": [
      40.3424394,
      -74.6553059
    ],
    "A415": [
      40.3424352,
      -74.6553253
    ],
    "A416": [
      40.3424377,
      -74.6553523
    ],
    "A418": [
      40.3423927,
      -74.6553467
    ],
    "A419": [
      40.3423925,
      -74.6553114
    ],
    "A420": [
      40.3423938,
      -74.6552942
    ],
    "A504": [
      40.3424115,
      -74.655164
    ],
    "A505": [
      40.3424298,
      -74.6551364
    ],
    "A506": [
      40.3424519,
      -74.6551187
    ],
    "A507": [
      40.3424996,
      -74.6550899
    ],
    "A508A": [
      40.3425479,
      -74.6550993
    ],
    "A508": [
      40.3425347,
      -74.6551164
    ],
    "A508B": [
      40.3425242,
      -74.6551313
    ],
    "A510": [
      40.3424841,
      -74.6551797
    ],
    "A512": [
      40.342472,
      -74.6552088
    ],
    "A514A": [
      40.3424474,
      -74.655264
    ],
    "A514": [
      40.3424435,
      -74.6552864
    ],
    "A514B": [
      40.3424394,
      -74.6553059
    ],
    "A515B": [
      40.3424325,
      -74.6553276
    ],
    "A515C": [
      40.342435,
      -74.6553546
    ],
    "A515": [
      40.3424071,
      -74.6553416
    ],
    "A515D": [
      40.3423861,
      -74.6553391
    ],
    "A515E": [
      40.3423922,
      -74.6553084
    ],
    "A516": [
      40.3423938,
      -74.6552942
    ],
    "A604": [
      40.3424085,
      -74.6551632
    ],
    "A604A": [
      40.3424041,
      -74.6551797
    ],
    "A605": [
      40.3424267,
      -74.6551357
    ],
    "A606A": [
      40.3424563,
      -74.6551022
    ],
    "A606": [
      40.3424422,
      -74.6551103
    ],
    "A607": [
      40.3424905,
      -74.6550876
    ],
    "A609A": [
      40.3425479,
      -74.6550993
    ],
    "A609": [
      40.3425341,
      -74.6551104
    ],
    "A610": [
      40.3425325,
      -74.6551247
    ],
    "A611": [
      40.3425156,
      -74.655135
    ],
    "A613": [
      40.3424814,
      -74.6551819
    ],
    "A615": [
      40.3424643,
      -74.6552214
    ],
    "A615A": [
      40.3424598,
      -74.6552379
    ],
    "A617A": [
      40.3424455,
      -74.6552752
    ],
    "A617": [
      40.3424383,
      -74.6552939
    ],
    "A617B": [
      40.3424308,
      -74.6553096
    ],
    "A618B": [
      40.3424239,
      -74.6553312
    ],
    "A618C": [
      40.3424258,
      -74.6553522
    ],