{
  "HARIRI": {
    "A317": [
      40.3427421,
      -74.6546737
    ],
    "A318": [
      40.3427535,
      -74.654626
    ],
    "A320A": [
      40.3427705,
      -74.6545475
    ],
    "A320": [
      40.3427705,
      -74.6545138
    ],
    "A320B": [
      40.3427705,
      -74.6544717
    ],
    "A316B": [
      40.3426711,
      -74.6547046
    ],
    "A316": [
      40.3426711,
      -74.6546541
    ],
    "A316A": [
      40.3426711,
      -74.6546092
    ],
    "A315": [
      40.3426711,
      -74.6545335
    ],
    "A301A": [
      40.3427592,
      -74.6543427
    ],
    "A301": [
      40.3427592,
      -74.6543034
    ],
    "A301B": [
      40.3427592,
      -74.6542613
    ],
    "A303A": [
      40.3427592,
      -74.6542108
    ],
    "A303": [
      40.3427592,
      -74.6541771
    ],
    "A311A": [
      40.342708,
      -74.6543146
    ],
    "A311B": [
      40.342708,
      -74.6542669
    ],
    "A304": [
      40.3427563,
      -74.6541126
    ],
    "A305": [
      40.3427563,
      -74.6540761
    ],
    "A306": [
      40.3427649,
      -74.6540369
    ],
    "A308": [
      40.3426882,
      -74.6540537
    ]
  },
  "MANNION": {
    "D103C": [
      40.3415659,
      -74.6542598
    ],
    "D103D": [
      40.3415659,
      -74.6542082
    ],
    "D104B": [
      40.3415659,
      -74.6541669
    ],
    "D104": [
      40.3415659,
      -74.6541153
    ],
    "D107": [
      40.3415868,
      -74.6539674
    ],
    "D103": [
      40.3415468,
      -74.6542495
    ],
    "D109": [
      40.3415735,
      -74.6538814
    ],
    "D110": [
      40.341564,
      -74.6538229
    ],
    "D112A": [
      40.3415735,
      -74.6537369
    ],
    "D112": [
      40.3415735,
      -74.6536921
    ],
    "D112B": [
      40.3415735,
      -74.6536405
    ],
    "D113": [
      40.3415678,
      -74.6535889
    ],
    "D103B": [
      40.3414917,
      -74.6542598
    ],
    "D103A": [
      40.3414917,
      -74.6542013
    ],
    "D102B": [
      40.3414917,
      -74.6541566
    ],
    "D102": [
      40.3414917,
      -74.6540947
    ],
    "D125B": [
      40.3415297,
      -74.6539123
    ],
    "D125": [
      40.3415297,
      -74.6538814
    ],
    "D125A": [
      40.3415297,
      -74.6538401
    ],
    "D123": [
      40.3415259,
      -74.6537265
    ],
    "D122": [
      40.3415164,
      -74.6536749
    ],
    "D115": [
      40.3415278,
      -74.6535201
    ],
    "D115A": [
      40.3415259,
      -74.6534513
    ],
    "D118": [
      40.3414974,
      -74.6535373
    ],
    "D117": [
      40.3414841,
      -74.6534857
    ]
  }
}