{
  "HARIRI": {
    "A317": [
      40.3427421,
      -74.6546737
    ],
    "A318": [
      40.3427535,
      -74.654626
    ],
    "A320A": [
      40.3427705,
      -74.6545475
    ],
    "A320": [
      40.3427705,
      -74.6545138
    ],
    "A320B": [
      40.3427705,
      -74.6544717
    ],
    "A316B": [
      40.3426711,
      -74.6547046
    ],
    "A316": [
      40.3426711,
      -74.6546541
    ],
    "A316A": [
      40.3426711,
      -74.6546092
    ],
    "A315": [
      40.3426711,
      -74.6545335
    ],
    "A301A": [
      40.3427592,
      -74.6543427
    ],
    "A301": [
      40.3427592,
      -74.6543034
    ],
    "A301B": [
      40.3427592,
      -74.6542613
    ],
    "A303A": [
      40.3427592,
      -74.6542108
    ],
    "A303": [
      40.3427592,
      -74.6541771
    ],
    "A311A": [
      40.342708,
      -74.6543146
    ],
    "A311B": [
      40.342708,
      -74.6542669
    ],
    "A304": [
      40.3427563,
      -74.6541126
    ],
    "A305": [
      40.3427563,
      -74.6540761
    ],
    "A306": [
      40.3427649,
      -74.6540369
    ],
    "A308": [
      40.3426882,
      -74.6540537
    ],
    "A401A": [
      40.3427677,
      -74.6543006
    ],
    "A402": [
      40.3427677,
      -74.6542473
    ],
    "A403A": [
      40.3427677,
      -74.6541968
    ],
    "A403": [
      40.3427677,
      -74.6541631
    ],
    "A403B": [
      40.3427677,
      -74.6541294
    ],
    "A404": [
      40.3427677,
      -74.654093
    ],
    "A405": [
      40.3427677,
      -74.6540481
    ],
    "A407": [
      40.3426796,
      -74.6540144
    ],
    "A410A": [
      40.342708,
      -74.654295
    ],
    "A410": [
      40.342708,
      -74.6542529
    ],
    "A412": [
      40.3426796,
      -74.6543932
    ],
    "A416": [
      40.3426654,
      -74.6545054
    ],
    "A417": [
      40.3426512,
      -74.6545896
    ],
    "A418A": [
      40.3426512,
      -74.654626
    ],
    "A418": [
      40.3426938,
      -74.6546653
    ],
    "A418B": [
      40.342745,
      -74.6546653
    ],
    "A419": [
      40.342745,
      -74.654612
    ],
    "A421A": [
      40.342745,
      -74.6545559
    ],
    "A421": [
      40.342745,
      -74.6545194
    ],
    "A421B": [
      40.342745,
      -74.6544829
    ],
    "A501": [
      40.3427677,
      -74.6543006
    ],
    "A502": [
      40.3427677,
      -74.6542473
    ],
    "A503A": [
      40.3427677,
      -74.6541968
    ],
    "A503": [
      40.3427677,
      -74.6541631
    ],
    "A503B": [
      40.3427677,
      -74.6541294
    ],
    "A504": [
      40.3427677,
      -74.654093
    ],
    "A505": [
      40.3427677,
      -74.6540481
    ],
    "A507": [
      40.3426796,
      -74.6540144
    ],
    "A510A": [
      40.342708,
      -74.654295
    ],
    "A510B": [
      40.342708,
      -74.6542529
    ],
    "A512": [
      40.3426796,
      -74.6543932
    ],
    "A516": [
      40.3426654,
      -74.6545054
    ],
    "A517": [
      40.3426512,
      -74.6545896
    ],
    "A518A": [
      40.3426512,
      -74.654626
    ],
    "A518": [
      40.3426938,
      -74.6546653
    ],
    "A518B": [
      40.342745,
      -74.6546653
    ],
    "A519": [
      40.342745,
      -74.654612
    ],
    "A521A": [
      40.342745,
      -74.6545559
    ],
    "A521": [
      40.342745,
      -74.6545194
    ],
    "A521B": [
      40.342745,
      -74.6544829
    ],
    "A601A": [
      40.3427677,
      -74.6543427
    ],
    "A601": [
      40.3427677,
      -74.6543034
    ],
    "A601B": [
      40.3427677,
      -74.6542641
    ],
    "A603A": [
      40.3427677,
      -74.6542164
    ],
    "A603": [
      40.3427677,
      -74.6541771
    ],
    "A604": [
      40.3427677,
      -74.6541351
    ],
    "A605": [
      40.3427677,
      -74.654093
    ],
    "A606": [
      40.3427677,
      -74.6540425
    ],
    "A608": [
      40.3426796,
      -74.6540144
    ],
    "A613A": [
      40.342708,
      -74.654295
    ],
    "A613B": [
      40.342708,
      -74.6542529
    ],
    "A614": [
      40.3426654,
      -74.6543932
    ],
    "A615": [
      40.3426654,
      -74.6544212
    ]
  },
  "MANNION": {
    "D103C": [
      40.3415659,
      -74.6542598
    ],
    "D103D": [
      40.3415659,
      -74.6542082
    ],
    "D104B": [
      40.3415659,
      -74.6541669
    ],
    "D104": [
      40.3415659,
      -74.6541153
    ],
    "D107": [
      40.3415868,
      -74.6539674
    ],
    "D103": [
      40.3415468,
      -74.6542495
    ],
    "D109": [
      40.3415735,
      -74.6538814
    ],
    "D110": [
      40.341564,
      -74.6538229
    ],
    "D112A": [
      40.3415735,
      -74.6537369
    ],
    "D112": [
      40.3415735,
      -74.6536921
    ],
    "D112B": [
      40.3415735,
      -74.6536405
    ],
    "D113": [
      40.3415678,
      -74.6535889
    ],
    "D103B": [
      40.3414917,
      -74.6542598
    ],
    "D103A": [
      40.3414917,
      -74.6542013
    ],
    "D102B": [
      40.3414917,
      -74.6541566
    ],
    "D102": [
      40.3414917,
      -74.6540947
    ],
    "D125B": [
      40.3415297,
      -74.6539123
    ],
    "D125": [
      40.3415297,
      -74.6538814
    ],
    "D125A": [
      40.3415297,
      -74.6538401
    ],
    "D123": [
      40.3415259,
      -74.6537265
    ],
    "D122": [
      40.3415164,
      -74.6536749
    ],
    "D115": [
      40.3415278,
      -74.6535201
    ],
    "D115A": [
      40.3415259,
      -74.6534513
    ],
    "D118": [
      40.3414974,
      -74.6535373
    ],
    "D117": [
      40.3414841,
      -74.6534857
    ]
  }
}